GROUP,PACKAGE,CLASS,INSTRUCTION_MISSED,INSTRUCTION_COVERED,BRANCH_MISSED,BRANCH_COVERED,LINE_MISSED,LINE_COVERED,COMPLEXITY_MISSED,COMPLEXITY_COVERED,METHOD_MISSED,METHOD_COVERED
mqttsn12-java-client,io.github.marcoratto.mqttsn.util,HexUtils,2,45,1,3,1,5,1,2,0,1
mqttsn12-java-client,io.github.marcoratto.mqttsn,MqttSnUtility,58,86,17,30,19,40,15,31,2,4
mqttsn12-java-client,io.github.marcoratto.mqttsn,MqttSnClient,366,1672,64,134,74,446,68,87,4,51
mqttsn12-java-client,io.github.marcoratto.mqttsn,MqttSnConstants,3,0,0,0,1,0,1,0,1,0
mqttsn12-java-client,io.github.marcoratto.mqttsn,MqttSnClient.Receiver,5,62,1,1,3,16,1,2,0,2
mqttsn12-java-client,io.github.marcoratto.mqttsn,MqttSnClientException,18,11,0,0,6,4,2,2,2,2
mqttsn12-java-client,io.github.marcoratto.mqttsn.packets,PublishPacket,200,245,17,13,49,63,21,16,10,12
mqttsn12-java-client,io.github.marcoratto.mqttsn.packets,GatewayInfoPacket,13,52,1,1,3,14,2,5,1,5
mqttsn12-java-client,io.github.marcoratto.mqttsn.packets,AdvertisePacket,47,0,0,0,16,0,6,0,6,0
mqttsn12-java-client,io.github.marcoratto.mqttsn.packets,UnsubscribePacket,54,104,6,6,14,31,11,8,7,6
mqttsn12-java-client,io.github.marcoratto.mqttsn.packets,DisconnectResPacket,88,34,5,1,29,12,9,4,6,4
mqttsn12-java-client,io.github.marcoratto.mqttsn.packets,ConnectPacket,203,97,8,2,50,28,19,6,14,6
mqttsn12-java-client,io.github.marcoratto.mqttsn.packets,SubAckPacket,111,61,0,0,38,20,8,6,8,6
mqttsn12-java-client,io.github.marcoratto.mqttsn.packets,SubPacket,170,113,10,6,45,34,17,8,11,6
mqttsn12-java-client,io.github.marcoratto.mqttsn.packets,PubAckPacket,43,101,0,0,15,33,2,10,2,10
mqttsn12-java-client,io.github.marcoratto.mqttsn.packets,RegackPacket,51,101,0,0,19,33,4,10,4,10
mqttsn12-java-client,io.github.marcoratto.mqttsn.packets,PubRelPacket,99,0,0,0,34,0,11,0,11,0
mqttsn12-java-client,io.github.marcoratto.mqttsn.packets,WillTopicReqPacket,51,24,0,0,16,9,3,3,3,3
mqttsn12-java-client,io.github.marcoratto.mqttsn.packets,PingResPacket,60,0,0,0,20,0,5,0,5,0
mqttsn12-java-client,io.github.marcoratto.mqttsn.packets,PingReqPacket,76,38,6,2,19,13,8,2,4,2
mqttsn12-java-client,io.github.marcoratto.mqttsn.packets,SearchGatewayPacket,28,41,0,0,9,14,3,3,3,3
mqttsn12-java-client,io.github.marcoratto.mqttsn.packets,ConnackPacket,61,34,0,0,19,12,3,4,3,4
mqttsn12-java-client,io.github.marcoratto.mqttsn.packets,WillTopicPacket,151,82,10,2,36,23,16,4,10,4
mqttsn12-java-client,io.github.marcoratto.mqttsn.packets,WillTopicUpdateReqPacket,48,76,6,2,12,21,9,4,5,4
mqttsn12-java-client,io.github.marcoratto.mqttsn.packets,WillMessageReqPacket,56,24,0,0,19,9,5,3,5,3
mqttsn12-java-client,io.github.marcoratto.mqttsn.packets,PubCompPacket,99,0,0,0,34,0,11,0,11,0
mqttsn12-java-client,io.github.marcoratto.mqttsn.packets,WillMessageUpdatePacket,49,60,6,2,11,17,8,3,4,3
mqttsn12-java-client,io.github.marcoratto.mqttsn.packets,WillTopicResPacket,73,34,0,0,25,12,6,4,6,4
mqttsn12-java-client,io.github.marcoratto.mqttsn.packets,UnsubackPacket,15,34,0,0,7,12,4,4,4,4
mqttsn12-java-client,io.github.marcoratto.mqttsn.packets,DisconnectReqPacket,67,47,4,2,21,16,8,3,5,3
mqttsn12-java-client,io.github.marcoratto.mqttsn.packets,RegisterPacket,68,141,6,4,20,38,7,11,3,10
mqttsn12-java-client,io.github.marcoratto.mqttsn.packets,PubRecPacket,99,0,0,0,34,0,11,0,11,0
mqttsn12-java-client,io.github.marcoratto.mqttsn.packets,WillMessagePacket,109,54,6,0,26,16,9,3,6,3
mqttsn12-java-client,io.github.marcoratto.mqttsn.packets,WillMessageResPacket,73,34,0,0,25,12,6,4,6,4
